id,value
0,0
0,1
0,2
0,3
0,4
0,5
0,6
0,7
0,8
0,9
0,10
0,11
0,12
0,13
0,14
0,15
0,16
0,17
0,18
0,19
0,20
0,21
0,22
0,23
0,24
0,25
0,26
0,27
0,28
0,29
0,30
0,31
0,32
0,33
0,34
0,35
0,36
0,37
0,38
0,39
0,40
0,41
0,42
0,43
0,44
0,45
0,46
0,47
0,48
0,49
0,50
0,51
0,52
0,53
0,54
0,55
0,56
0,57
0,58
0,59
0,60
0,61
0,62
0,63
0,64
0,65
0,66
0,67
0,68
0,69
0,70
0,71
0,72
0,73
0,74
0,75
0,76
0,77
0,78
0,79
0,80
0,81
0,82
0,83
0,84
0,85
0,86
0,87
0,88
0,89
0,90
0,91
0,92
0,93
0,94
0,95
0,96
0,97
0,98
0,99
0,100
0,101
0,102
0,103
0,104
0,105
0,106
0,107
0,108
0,109
0,110
0,111
0,112
0,113
0,114
0,115
0,116
0,117
0,118
0,119
0,120
0,121
0,122
0,123
0,124
0,125
0,126
0,127
0,-128
0,-127
0,-126
0,-125
0,-124
0,-123
0,-122
0,-121
0,-120
0,-119
0,-118
0,-117
0,-116
0,-115
0,-114
0,-113
0,-112
0,-111
0,-110
0,-109
0,-108
0,-107
0,-106
0,-105
0,-104
0,-103
0,-102
0,-101
0,-100
0,-99
0,-98
0,-97
0,-96
0,-95
0,-94
0,-93
0,-92
0,-91
0,-90
0,-89
0,-88
0,-87
0,-86
0,-85
0,-84
0,-83
0,-82
0,-81
0,-80
0,-79
0,-78
0,-77
0,-76
0,-75
0,-74
0,-73
0,-72
0,-71
0,-70
0,-69
0,-68
0,-67
0,-66
0,-65
0,-64
0,-63
0,-62
0,-61
0,-60
0,-59
0,-58
0,-57
0,-56
0,-55
0,-54
0,-53
0,-52
0,-51
0,-50
0,-49
0,-48
0,-47
0,-46
0,-45
0,-44
0,-43
0,-42
0,-41
0,-40
0,-39
0,-38
0,-37
0,-36
0,-35
0,-34
0,-33
0,-32
0,-31
0,-30
0,-29
0,-28
0,-27
0,-26
0,-25
0,-24
0,-23
0,-22
0,-21
0,-20
0,-19
0,-18
0,-17
0,-16
0,-15
0,-14
0,-13
0,-12
0,-11
0,-10
0,-9
0,-8
0,-7
0,-6
0,-5
0,-4
0,-3
0,-2
0,-1
1,1
1,3
1,5
1,7
1,9
1,11
1,13
1,15
1,17
1,19
1,21
1,23
1,25
1,27
1,29
1,31
1,33
1,35
1,37
1,39
1,41
1,43
1,45
1,47
1,49
1,51
1,53
1,55
1,57
1,59
1,61
1,63
1,65
1,67
1,69
1,71
1,73
1,75
1,77
1,79
1,81
1,83
1,85
1,87
1,89
1,91
1,93
1,95
1,97
1,99
1,101
1,103
1,105
1,107
1,109
1,111
1,113
1,115
1,117
1,119
1,121
1,123
1,125
1,127
1,-127
1,-125
1,-123
1,-121
1,-119
1,-117
1,-115
1,-113
1,-111
1,-109
1,-107
1,-105
1,-103
1,-101
1,-99
1,-97
1,-95
1,-93
1,-91
1,-89
1,-87
1,-85
1,-83
1,-81
1,-79
1,-77
1,-75
1,-73
1,-71
1,-69
1,-67
1,-65
1,-63
1,-61
1,-59
1,-57
1,-55
1,-53
1,-51
1,-49
1,-47
1,-45
1,-43
1,-41
1,-39
1,-37
1,-35
1,-33
1,-31
1,-29
1,-27
1,-25
1,-23
1,-21
1,-19
1,-17
1,-15
1,-13
1,-11
1,-9
1,-7
1,-5
1,-3
1,-1
2,2
2,3
2,6
2,7
2,10
2,11
2,14
2,15
2,18
2,19
2,22
2,23
2,26
2,27
2,30
2,31
2,34
2,35
2,38
2,39
2,42
2,43
2,46
2,47
2,50
2,51
2,54
2,55
2,58
2,59
2,62
2,63
2,66
2,67
2,70
2,71
2,74
2,75
2,78
2,79
2,82
2,83
2,86
2,87
2,90
2,91
2,94
2,95
2,98
2,99
2,102
2,103
2,106
2,107
2,110
2,111
2,114
2,115
2,118
2,119
2,122
2,123
2,126
2,127
2,-126
2,-125
2,-122
2,-121
2,-118
2,-117
2,-114
2,-113
2,-110
2,-109
2,-106
2,-105
2,-102
2,-101
2,-98
2,-97
2,-94
2,-93
2,-90
2,-89
2,-86
2,-85
2,-82
2,-81
2,-78
2,-77
2,-74
2,-73
2,-70
2,-69
2,-66
2,-65
2,-62
2,-61
2,-58
2,-57
2,-54
2,-53
2,-50
2,-49
2,-46
2,-45
2,-42
2,-41
2,-38
2,-37
2,-34
2,-33
2,-30
2,-29
2,-26
2,-25
2,-22
2,-21
2,-18
2,-17
2,-14
2,-13
2,-10
2,-9
2,-6
2,-5
2,-2
2,-1
3,3
3,7
3,11
3,15
3,19
3,23
3,27
3,31
3,35
3,39
3,43
3,47
3,51
3,55
3,59
3,63
3,67
3,71
3,75
3,79
3,83
3,87
3,91
3,95
3,99
3,103
3,107
3,111
3,115
3,119
3,123
3,127
3,-125
3,-121
3,-117
3,-113
3,-109
3,-105
3,-101
3,-97
3,-93
3,-89
3,-85
3,-81
3,-77
3,-73
3,-69
3,-65
3,-61
3,-57
3,-53
3,-49
3,-45
3,-41
3,-37
3,-33
3,-29
3,-25
3,-21
3,-17
3,-13
3,-9
3,-5
3,-1
4,4
4,5
4,6
4,7
4,12
4,13
4,14
4,15
4,20
4,21
4,22
4,23
4,28
4,29
4,30
4,31
4,36
4,37
4,38
4,39
4,44
4,45
4,46
4,47
4,52
4,53
4,54
4,55
4,60
4,61
4,62
4,63
4,68
4,69
4,70
4,71
4,76
4,77
4,78
4,79
4,84
4,85
4,86
4,87
4,92
4,93
4,94
4,95
4,100
4,101
4,102
4,103
4,108
4,109
4,110
4,111
4,116
4,117
4,118
4,119
4,124
4,125
4,126
4,127
4,-124
4,-123
4,-122
4,-121
4,-116
4,-115
4,-114
4,-113
4,-108
4,-107
4,-106
4,-105
4,-100
4,-99
4,-98
4,-97
4,-92
4,-91
4,-90
4,-89
4,-84
4,-83
4,-82
4,-81
4,-76
4,-75
4,-74
4,-73
4,-68
4,-67
4,-66
4,-65
4,-60
4,-59
4,-58
4,-57
4,-52
4,-51
4,-50
4,-49
4,-44
4,-43
4,-42
4,-41
4,-36
4,-35
4,-34
4,-33
4,-28
4,-27
4,-26
4,-25
4,-20
4,-19
4,-18
4,-17
4,-12
4,-11
4,-10
4,-9
4,-4
4,-3
4,-2
4,-1
5,5
5,7
5,13
5,15
5,21
5,23
5,29
5,31
5,37
5,39
5,45
5,47
5,53
5,55
5,61
5,63
5,69
5,71
5,77
5,79
5,85
5,87
5,93
5,95
5,101
5,103
5,109
5,111
5,117
5,119
5,125
5,127
5,-123
5,-121
5,-115
5,-113
5,-107
5,-105
5,-99
5,-97
5,-91
5,-89
5,-83
5,-81
5,-75
5,-73
5,-67
5,-65
5,-59
5,-57
5,-51
5,-49
5,-43
5,-41
5,-35
5,-33
5,-27
5,-25
5,-19
5,-17
5,-11
5,-9
5,-3
5,-1
6,6
6,7
6,14
6,15
6,22
6,23
6,30
6,31
6,38
6,39
6,46
6,47
6,54
6,55
6,62
6,63
6,70
6,71
6,78
6,79
6,86
6,87
6,94
6,95
6,102
6,103
6,110
6,111
6,118
6,119
6,126
6,127
6,-122
6,-121
6,-114
6,-113
6,-106
6,-105
6,-98
6,-97
6,-90
6,-89
6,-82
6,-81
6,-74
6,-73
6,-66
6,-65
6,-58
6,-57
6,-50
6,-49
6,-42
6,-41
6,-34
6,-33
6,-26
6,-25
6,-18
6,-17
6,-10
6,-9
6,-2
6,-1
7,7
7,15
7,23
7,31
7,39
7,47
7,55
7,63
7,71
7,79
7,87
7,95
7,103
7,111
7,119
7,127
7,-121
7,-113
7,-105
7,-97
7,-89
7,-81
7,-73
7,-65
7,-57
7,-49
7,-41
7,-33
7,-25
7,-17
7,-9
7,-1
8,8
8,9
8,10
8,11
8,12
8,13
8,14
8,15
8,24
8,25
8,26
8,27
8,28
8,29
8,30
8,31
8,40
8,41
8,42
8,43
8,44
8,45
8,46
8,47
8,56
8,57
8,58
8,59
8,60
8,61
8,62
8,63
8,72
8,73
8,74
8,75
8,76
8,77
8,78
8,79
8,88
8,89
8,90
8,91
8,92
8,93
8,94
8,95
8,104
8,105
8,106
8,107
8,108
8,109
8,110
8,111
8,120
8,121
8,122
8,123
8,124
8,125
8,126
8,127
8,-120
8,-119
8,-118
8,-117
8,-116
8,-115
8,-114
8,-113
8,-104
8,-103
8,-102
8,-101
8,-100
8,-99
8,-98
8,-97
8,-88
8,-87
8,-86
8,-85
8,-84
8,-83
8,-82
8,-81
8,-72
8,-71
8,-70
8,-69
8,-68
8,-67
8,-66
8,-65
8,-56
8,-55
8,-54
8,-53
8,-52
8,-51
8,-50
8,-49
8,-40
8,-39
8,-38
8,-37
8,-36
8,-35
8,-34
8,-33
8,-24
8,-23
8,-22
8,-21
8,-20
8,-19
8,-18
8,-17
8,-8
8,-7
8,-6
8,-5
8,-4
8,-3
8,-2
8,-1
9,9
9,11
9,13
9,15
9,25
9,27
9,29
9,31
9,41
9,43
9,45
9,47
9,57
9,59
9,61
9,63
9,73
9,75
9,77
9,79
9,89
9,91
9,93
9,95
9,105
9,107
9,109
9,111
9,121
9,123
9,125
9,127
9,-119
9,-117
9,-115
9,-113
9,-103
9,-101
9,-99
9,-97
9,-87
9,-85
9,-83
9,-81
9,-71
9,-69
9,-67
9,-65
9,-55
9,-53
9,-51
9,-49
9,-39
9,-37
9,-35
9,-33
9,-23
9,-21
9,-19
9,-17
9,-7
9,-5
9,-3
9,-1
10,10
10,11
10,14
10,15
10,26
10,27
10,30
10,31
10,42
10,43
10,46
10,47
10,58
10,59
10,62
10,63
10,74
10,75
10,78
10,79
10,90
10,91
10,94
10,95
10,106
10,107
10,110
10,111
10,122
10,123
10,126
10,127
10,-118
10,-117
10,-114
10,-113
10,-102
10,-101
10,-98
10,-97
10,-86
10,-85
10,-82
10,-81
10,-70
10,-69
10,-66
10,-65
10,-54
10,-53
10,-50
10,-49
10,-38
10,-37
10,-34
10,-33
10,-22
10,-21
10,-18
10,-17
10,-6
10,-5
10,-2
10,-1
11,11
11,15
11,27
11,31
11,43
11,47
11,59
11,63
11,75
11,79
11,91
11,95
11,107
11,111
11,123
11,127
11,-117
11,-113
11,-101
11,-97
11,-85
11,-81
11,-69
11,-65
11,-53
11,-49
11,-37
11,-33
11,-21
11,-17
11,-5
11,-1
12,12
12,13
12,14
12,15
12,28
12,29
12,30
12,31
12,44
12,45
12,46
12,47
12,60
12,61
12,62
12,63
12,76
12,77
12,78
12,79
12,92
12,93
12,94
12,95
12,108
12,109
12,110
12,111
12,124
12,125
12,126
12,127
12,-116
12,-115
12,-114
12,-113
12,-100
12,-99
12,-98
12,-97
12,-84
12,-83
12,-82
12,-81
12,-68
12,-67
12,-66
12,-65
12,-52
12,-51
12,-50
12,-49
12,-36
12,-35
12,-34
12,-33
12,-20
12,-19
12,-18
12,-17
12,-4
12,-3
12,-2
12,-1
13,13
13,15
13,29
13,31
13,45
13,47
13,61
13,63
13,77
13,79
13,93
13,95
13,109
13,111
13,125
13,127
13,-115
13,-113
13,-99
13,-97
13,-83
13,-81
13,-67
13,-65
13,-51
13,-49
13,-35
13,-33
13,-19
13,-17
13,-3
13,-1
14,14
14,15
14,30
14,31
14,46
14,47
14,62
14,63
14,78
14,79
14,94
14,95
14,110
14,111
14,126
14,127
14,-114
14,-113
14,-98
14,-97
14,-82
14,-81
14,-66
14,-65
14,-50
14,-49
14,-34
14,-33
14,-18
14,-17
14,-2
14,-1
15,15
15,31
15,47
15,63
15,79
15,95
15,111
15,127
15,-113
15,-97
15,-81
15,-65
15,-49
15,-33
15,-17
15,-1
16,16
16,17
16,18
16,19
16,20
16,21
16,22
16,23
16,24
16,25
16,26
16,27
16,28
16,29
16,30
16,31
16,48
16,49
16,50
16,51
16,52
16,53
16,54
16,55
16,56
16,57
16,58
16,59
16,60
16,61
16,62
16,63
16,80
16,81
16,82
16,83
16,84
16,85
16,86
16,87
16,88
16,89
16,90
16,91
16,92
16,93
16,94
16,95
16,112
16,113
16,114
16,115
16,116
16,117
16,118
16,119
16,120
16,121
16,122
16,123
16,124
16,125
16,126
16,127
16,-112
16,-111
16,-110
16,-109
16,-108
16,-107
16,-106
16,-105
16,-104
16,-103
16,-102
16,-101
16,-100
16,-99
16,-98
16,-97
16,-80
16,-79
16,-78
16,-77
16,-76
16,-75
16,-74
16,-73
16,-72
16,-71
16,-70
16,-69
16,-68
16,-67
16,-66
16,-65
16,-48
16,-47
16,-46
16,-45
16,-44
16,-43
16,-42
16,-41
16,-40
16,-39
16,-38
16,-37
16,-36
16,-35
16,-34
16,-33
16,-16
16,-15
16,-14
16,-13
16,-12
16,-11
16,-10
16,-9
16,-8
16,-7
16,-6
16,-5
16,-4
16,-3
16,-2
16,-1
17,17
17,19
17,21
17,23
17,25
17,27
17,29
17,31
17,49
17,51
17,53
17,55
17,57
17,59
17,61
17,63
17,81
17,83
17,85
17,87
17,89
17,91
17,93
17,95
17,113
17,115
17,117
17,119
17,121
17,123
17,125
17,127
17,-111
17,-109
17,-107
17,-105
17,-103
17,-101
17,-99
17,-97
17,-79
17,-77
17,-75
17,-73
17,-71
17,-69
17,-67
17,-65
17,-47
17,-45
17,-43
17,-41
17,-39
17,-37
17,-35
17,-33
17,-15
17,-13
17,-11
17,-9
17,-7
17,-5
17,-3
17,-1
18,18
18,19
18,22
18,23
18,26
18,27
18,30
18,31
18,50
18,51
18,54
18,55
18,58
18,59
18,62
18,63
18,82
18,83
18,86
18,87
18,90
18,91
18,94
18,95
18,114
18,115
18,118
18,119
18,122
18,123
18,126
18,127
18,-110
18,-109
18,-106
18,-105
18,-102
18,-101
18,-98
18,-97
18,-78
18,-77
18,-74
18,-73
18,-70
18,-69
18,-66
18,-65
18,-46
18,-45
18,-42
18,-41
18,-38
18,-37
18,-34
18,-33
18,-14
18,-13
18,-10
18,-9
18,-6
18,-5
18,-2
18,-1
19,19
19,23
19,27
19,31
19,51
19,55
19,59
19,63
19,83
19,87
19,91
19,95
19,115
19,119
19,123
19,127
19,-109
19,-105
19,-101
19,-97
19,-77
19,-73
19,-69
19,-65
19,-45
19,-41
19,-37
19,-33
19,-13
19,-9
19,-5
19,-1
20,20
20,21
20,22
20,23
20,28
20,29
20,30
20,31
20,52
20,53
20,54
20,55
20,60
20,61
20,62
20,63
20,84
20,85
20,86
20,87
20,92
20,93
20,94
20,95
20,116
20,117
20,118
20,119
20,124
20,125
20,126
20,127
20,-108
20,-107
20,-106
20,-105
20,-100
20,-99
20,-98
20,-97
20,-76
20,-75
20,-74
20,-73
20,-68
20,-67
20,-66
20,-65
20,-44
20,-43
20,-42
20,-41
20,-36
20,-35
20,-34
20,-33
20,-12
20,-11
20,-10
20,-9
20,-4
20,-3
20,-2
20,-1
21,21
21,23
21,29
21,31
21,53
21,55
21,61
21,63
21,85
21,87
21,93
21,95
21,117
21,119
21,125
21,127
21,-107
21,-105
21,-99
21,-97
21,-75
21,-73
21,-67
21,-65
21,-43
21,-41
21,-35
21,-33
21,-11
21,-9
21,-3
21,-1
22,22
22,23
22,30
22,31
22,54
22,55
22,62
22,63
22,86
22,87
22,94
22,95
22,118
22,119
22,126
22,127
22,-106
22,-105
22,-98
22,-97
22,-74
22,-73
22,-66
22,-65
22,-42
22,-41
22,-34
22,-33
22,-10
22,-9
22,-2
22,-1
23,23
23,31
23,55
23,63
23,87
23,95
23,119
23,127
23,-105
23,-97
23,-73
23,-65
23,-41
23,-33
23,-9
23,-1
24,24
24,25
24,26
24,27
24,28
24,29
24,30
24,31
24,56
24,57
24,58
24,59
24,60
24,61
24,62
24,63
24,88
24,89
24,90
24,91
24,92
24,93
24,94
24,95
24,120
24,121
24,122
24,123
24,124
24,125
24,126
24,127
24,-104
24,-103
24,-102
24,-101
24,-100
24,-99
24,-98
24,-97
24,-72
24,-71
24,-70
24,-69
24,-68
24,-67
24,-66
24,-65
24,-40
24,-39
24,-38
24,-37
24,-36
24,-35
24,-34
24,-33
24,-8
24,-7
24,-6
24,-5
24,-4
24,-3
24,-2
24,-1
25,25
25,27
25,29
25,31
25,57
25,59
25,61
25,63
25,89
25,91
25,93
25,95
25,121
25,123
25,125
25,127
25,-103
25,-101
25,-99
25,-97
25,-71
25,-69
25,-67
25,-65
25,-39
25,-37
25,-35
25,-33
25,-7
25,-5
25,-3
25,-1
26,26
26,27
26,30
26,31
26,58
26,59
26,62
26,63
26,90
26,91
26,94
26,95
26,122
26,123
26,126
26,127
26,-102
26,-101
26,-98
26,-97
26,-70
26,-69
26,-66
26,-65
26,-38
26,-37
26,-34
26,-33
26,-6
26,-5
26,-2
26,-1
27,27
27,31
27,59
27,63
27,91
27,95
27,123
27,127
27,-101
27,-97
27,-69
27,-65
27,-37
27,-33
27,-5
27,-1
28,28
28,29
28,30
28,31
28,60
28,61
28,62
28,63
28,92
28,93
28,94
28,95
28,124
28,125
28,126
28,127
28,-100
28,-99
28,-98
28,-97
28,-68
28,-67
28,-66
28,-65
28,-36
28,-35
28,-34
28,-33
28,-4
28,-3
28,-2
28,-1
29,29
29,31
29,61
29,63
29,93
29,95
29,125
29,127
29,-99
29,-97
29,-67
29,-65
29,-35
29,-33
29,-3
29,-1
30,30
30,31
30,62
30,63
30,94
30,95
30,126
30,127
30,-98
30,-97
30,-66
30,-65
30,-34
30,-33
30,-2
30,-1
31,31
31,63
31,95
31,127
31,-97
31,-65
31,-33
31,-1
32,32
32,33
32,34
32,35
32,36
32,37
32,38
32,39
32,40
32,41
32,42
32,43
32,44
32,45
32,46
32,47
32,48
32,49
32,50
32,51
32,52
32,53
32,54
32,55
32,56
32,57
32,58
32,59
32,60
32,61
32,62
32,63
32,96
32,97
32,98
32,99
32,100
32,101
32,102
32,103
32,104
32,105
32,106
32,107
32,108
32,109
32,110
32,111
32,112
32,113
32,114
32,115
32,116
32,117
32,118
32,119
32,120
32,121
32,122
32,123
32,124
32,125
32,126
32,127
32,-96
32,-95
32,-94
32,-93
32,-92
32,-91
32,-90
32,-89
32,-88
32,-87
32,-86
32,-85
32,-84
32,-83
32,-82
32,-81
32,-80
32,-79
32,-78
32,-77
32,-76
32,-75
32,-74
32,-73
32,-72
32,-71
32,-70
32,-69
32,-68
32,-67
32,-66
32,-65
32,-32
32,-31
32,-30
32,-29
32,-28
32,-27
32,-26
32,-25
32,-24
32,-23
32,-22
32,-21
32,-20
32,-19
32,-18
32,-17
32,-16
32,-15
32,-14
32,-13
32,-12
32,-11
32,-10
32,-9
32,-8
32,-7
32,-6
32,-5
32,-4
32,-3
32,-2
32,-1
33,33
33,35
33,37
33,39
33,41
33,43
33,45
33,47
33,49
33,51
33,53
33,55
33,57
33,59
33,61
33,63
33,97
33,99
33,101
33,103
33,105
33,107
33,109
33,111
33,113
33,115
33,117
33,119
33,121
33,123
33,125
33,127
33,-95
33,-93
33,-91
33,-89
33,-87
33,-85
33,-83
33,-81
33,-79
33,-77
33,-75
33,-73
33,-71
33,-69
33,-67
33,-65
33,-31
33,-29
33,-27
33,-25
33,-23
33,-21
33,-19
33,-17
33,-15
33,-13
33,-11
33,-9
33,-7
33,-5
33,-3
33,-1
34,34
34,35
34,38
34,39
34,42
34,43
34,46
34,47
34,50
34,51
34,54
34,55
34,58
34,59
34,62
34,63
34,98
34,99
34,102
34,103
34,106
34,107
34,110
34,111
34,114
34,115
34,118
34,119
34,122
34,123
34,126
34,127
34,-94
34,-93
34,-90
34,-89
34,-86
34,-85
34,-82
34,-81
34,-78
34,-77
34,-74
34,-73
34,-70
34,-69
34,-66
34,-65
34,-30
34,-29
34,-26
34,-25
34,-22
34,-21
34,-18
34,-17
34,-14
34,-13
34,-10
34,-9
34,-6
34,-5
34,-2
34,-1
35,35
35,39
35,43
35,47
35,51
35,55
35,59
35,63
35,99
35,103
35,107
35,111
35,115
35,119
35,123
35,127
35,-93
35,-89
35,-85
35,-81
35,-77
35,-73
35,-69
35,-65
35,-29
35,-25
35,-21
35,-17
35,-13
35,-9
35,-5
35,-1
36,36
36,37
36,38
36,39
36,44
36,45
36,46
36,47
36,52
36,53
36,54
36,55
36,60
36,61
36,62
36,63
36,100
36,101
36,102
36,103
36,108
36,109
36,110
36,111
36,116
36,117
36,118
36,119
36,124
36,125
36,126
36,127
36,-92
36,-91
36,-90
36,-89
36,-84
36,-83
36,-82
36,-81
36,-76
36,-75
36,-74
36,-73
36,-68
36,-67
36,-66
36,-65
36,-28
36,-27
36,-26
36,-25
36,-20
36,-19
36,-18
36,-17
36,-12
36,-11
36,-10
36,-9
36,-4
36,-3
36,-2
36,-1
37,37
37,39
37,45
37,47
37,53
37,55
37,61
37,63
37,101
37,103
37,109
37,111
37,117
37,119
37,125
37,127
37,-91
37,-89
37,-83
37,-81
37,-75
37,-73
37,-67
37,-65
37,-27
37,-25
37,-19
37,-17
37,-11
37,-9
37,-3
37,-1
38,38
38,39
38,46
38,47
38,54
38,55
38,62
38,63
38,102
38,103
38,110
38,111
38,118
38,119
38,126
38,127
38,-90
38,-89
38,-82
38,-81
38,-74
38,-73
38,-66
38,-65
38,-26
38,-25
38,-18
38,-17
38,-10
38,-9
38,-2
38,-1
39,39
39,47
39,55
39,63
39,103
39,111
39,119
39,127
39,-89
39,-81
39,-73
39,-65
39,-25
39,-17
39,-9
39,-1
40,40
40,41
40,42
40,43
40,44
40,45
40,46
40,47
40,56
40,57
40,58
40,59
40,60
40,61
40,62
40,63
40,104
40,105
40,106
40,107
40,108
40,109
40,110
40,111
40,120
40,121
40,122
40,123
40,124
40,125
40,126
40,127
40,-88
40,-87
40,-86
40,-85
40,-84
40,-83
40,-82
40,-81
40,-72
40,-71
40,-70
40,-69
40,-68
40,-67
40,-66
40,-65
40,-24
40,-23
40,-22
40,-21
40,-20
40,-19
40,-18
40,-17
40,-8
40,-7
40,-6
40,-5
40,-4
40,-3
40,-2
40,-1
41,41
41,43
41,45
41,47
41,57
41,59
41,61
41,63
41,105
41,107
41,109
41,111
41,121
41,123
41,125
41,127
41,-87
41,-85
41,-83
41,-81
41,-71
41,-69
41,-67
41,-65
41,-23
41,-21
41,-19
41,-17
41,-7
41,-5
41,-3
41,-1
42,42
42,43
42,46
42,47
42,58
42,59
42,62
42,63
42,106
42,107
42,110
42,111
42,122
42,123
42,126
42,127
42,-86
42,-85
42,-82
42,-81
42,-70
42,-69
42,-66
42,-65
42,-22
42,-21
42,-18
42,-17
42,-6
42,-5
42,-2
42,-1
43,43
43,47
43,59
43,63
43,107
43,111
43,123
43,127
43,-85
43,-81
43,-69
43,-65
43,-21
43,-17
43,-5
43,-1
44,44
44,45
44,46
44,47
44,60
44,61
44,62
44,63
44,108
44,109
44,110
44,111
44,124
44,125
44,126
44,127
44,-84
44,-83
44,-82
44,-81
44,-68
44,-67
44,-66
44,-65
44,-20
44,-19
44,-18
44,-17
44,-4
44,-3
44,-2
44,-1
45,45
45,47
45,61
45,63
45,109
45,111
45,125
45,127
45,-83
45,-81
45,-67
45,-65
45,-19
45,-17
45,-3
45,-1
46,46
46,47
46,62
46,63
46,110
46,111
46,126
46,127
46,-82
46,-81
46,-66
46,-65
46,-18
46,-17
46,-2
46,-1
47,47
47,63
47,111
47,127
47,-81
47,-65
47,-17
47,-1
48,48
48,49
48,50
48,51
48,52
48,53
48,54
48,55
48,56
48,57
48,58
48,59
48,60
48,61
48,62
48,63
48,112
48,113
48,114
48,115
48,116
48,117
48,118
48,119
48,120
48,121
48,122
48,123
48,124
48,125
48,126
48,127
48,-80
48,-79
48,-78
48,-77
48,-76
48,-75
48,-74
48,-73
48,-72
48,-71
48,-70
48,-69
48,-68
48,-67
48,-66
48,-65
48,-16
48,-15
48,-14
48,-13
48,-12
48,-11
48,-10
48,-9
48,-8
48,-7
48,-6
48,-5
48,-4
48,-3
48,-2
48,-1
49,49
49,51
49,53
49,55
49,57
49,59
49,61
49,63
49,113
49,115
49,117
49,119
49,121
49,123
49,125
49,127
49,-79
49,-77
49,-75
49,-73
49,-71
49,-69
49,-67
49,-65
49,-15
49,-13
49,-11
49,-9
49,-7
49,-5
49,-3
49,-1
50,50
50,51
50,54
50,55
50,58
50,59
50,62
50,63
50,114
50,115
50,118
50,119
50,122
50,123
50,126
50,127
50,-78
50,-77
50,-74
50,-73
50,-70
50,-69
50,-66
50,-65
50,-14
50,-13
50,-10
50,-9
50,-6
50,-5
50,-2
50,-1
51,51
51,55
51,59
51,63
51,115
51,119
51,123
51,127
51,-77
51,-73
51,-69
51,-65
51,-13
51,-9
51,-5
51,-1
52,52
52,53
52,54
52,55
52,60
52,61
52,62
52,63
52,116
52,117
52,118
52,119
52,124
52,125
52,126
52,127
52,-76
52,-75
52,-74
52,-73
52,-68
52,-67
52,-66
52,-65
52,-12
52,-11
52,-10
52,-9
52,-4
52,-3
52,-2
52,-1
53,53
53,55
53,61
53,63
53,117
53,119
53,125
53,127
53,-75
53,-73
53,-67
53,-65
53,-11
53,-9
53,-3
53,-1
54,54
54,55
54,62
54,63
54,118
54,119
54,126
54,127
54,-74
54,-73
54,-66
54,-65
54,-10
54,-9
54,-2
54,-1
55,55
55,63
55,119
55,127
55,-73
55,-65
55,-9
55,-1
56,56
56,57
56,58
56,59
56,60
56,61
56,62
56,63
56,120
56,121
56,122
56,123
56,124
56,125
56,126
56,127
56,-72
56,-71
56,-70
56,-69
56,-68
56,-67
56,-66
56,-65
56,-8
56,-7
56,-6
56,-5
56,-4
56,-3
56,-2
56,-1
57,57
57,59
57,61
57,63
57,121
57,123
57,125
57,127
57,-71
57,-69
57,-67
57,-65
57,-7
57,-5
57,-3
57,-1
58,58
58,59
58,62
58,63
58,122
58,123
58,126
58,127
58,-70
58,-69
58,-66
58,-65
58,-6
58,-5
58,-2
58,-1
59,59
59,63
59,123
59,127
59,-69
59,-65
59,-5
59,-1
60,60
60,61
60,62
60,63
60,124
60,125
60,126
60,127
60,-68
60,-67
60,-66
60,-65
60,-4
60,-3
60,-2
60,-1
61,61
61,63
61,125
61,127
61,-67
61,-65
61,-3
61,-1
62,62
62,63
62,126
62,127
62,-66
62,-65
62,-2
62,-1
63,63
63,127
63,-65
63,-1
64,64
64,65
64,66
64,67
64,68
64,69
64,70
64,71
64,72
64,73
64,74
64,75
64,76
64,77
64,78
64,79
64,80
64,81
64,82
64,83
64,84
64,85
64,86
64,87
64,88
64,89
64,90
64,91
64,92
64,93
64,94
64,95
64,96
64,97
64,98
64,99
64,100
64,101
64,102
64,103
64,104
64,105
64,106
64,107
64,108
64,109
64,110
64,111
64,112
64,113
64,114
64,115
64,116
64,117
64,118
64,119
64,120
64,121
64,122
64,123
64,124
64,125
64,126
64,127
64,-64
64,-63
64,-62
64,-61
64,-60
64,-59
64,-58
64,-57
64,-56
64,-55
64,-54
64,-53
64,-52
64,-51
64,-50
64,-49
64,-48
64,-47
64,-46
64,-45
64,-44
64,-43
64,-42
64,-41
64,-40
64,-39
64,-38
64,-37
64,-36
64,-35
64,-34
64,-33
64,-32
64,-31
64,-30
64,-29
64,-28
64,-27
64,-26
64,-25
64,-24
64,-23
64,-22
64,-21
64,-20
64,-19
64,-18
64,-17
64,-16
64,-15
64,-14
64,-13
64,-12
64,-11
64,-10
64,-9
64,-8
64,-7
64,-6
64,-5
64,-4
64,-3
64,-2
64,-1
65,65
65,67
65,69
65,71
65,73
65,75
65,77
65,79
65,81
65,83
65,85
65,87
65,89
65,91
65,93
65,95
65,97
65,99
65,101
65,103
65,105
65,107
65,109
65,111
65,113
65,115
65,117
65,119
65,121
65,123
65,125
65,127
65,-63
65,-61
65,-59
65,-57
65,-55
65,-53
65,-51
65,-49
65,-47
65,-45
65,-43
65,-41
65,-39
65,-37
65,-35
65,-33
65,-31
65,-29
65,-27
65,-25
65,-23
65,-21
65,-19
65,-17
65,-15
65,-13
65,-11
65,-9
65,-7
65,-5
65,-3
65,-1
66,66
66,67
66,70
66,71
66,74
66,75
66,78
66,79
66,82
66,83
66,86
66,87
66,90
66,91
66,94
66,95
66,98
66,99
66,102
66,103
66,106
66,107
66,110
66,111
66,114
66,115
66,118
66,119
66,122
66,123
66,126
66,127
66,-62
66,-61
66,-58
66,-57
66,-54
66,-53
66,-50
66,-49
66,-46
66,-45
66,-42
66,-41
66,-38
66,-37
66,-34
66,-33
66,-30
66,-29
66,-26
66,-25
66,-22
66,-21
66,-18
66,-17
66,-14
66,-13
66,-10
66,-9
66,-6
66,-5
66,-2
66,-1
67,67
67,71
67,75
67,79
67,83
67,87
67,91
67,95
67,99
67,103
67,107
67,111
67,115
67,119
67,123
67,127
67,-61
67,-57
67,-53
67,-49
67,-45
67,-41
67,-37
67,-33
67,-29
67,-25
67,-21
67,-17
67,-13
67,-9
67,-5
67,-1
68,68
68,69
68,70
68,71
68,76
68,77
68,78
68,79
68,84
68,85
68,86
68,87
68,92
68,93
68,94
68,95
68,100
68,101
68,102
68,103
68,108
68,109
68,110
68,111
68,116
68,117
68,118
68,119
68,124
68,125
68,126
68,127
68,-60
68,-59
68,-58
68,-57
68,-52
68,-51
68,-50
68,-49
68,-44
68,-43
68,-42
68,-41
68,-36
68,-35
68,-34
68,-33
68,-28
68,-27
68,-26
68,-25
68,-20
68,-19
68,-18
68,-17
68,-12
68,-11
68,-10
68,-9
68,-4
68,-3
68,-2
68,-1
69,69
69,71
69,77
69,79
69,85
69,87
69,93
69,95
69,101
69,103
69,109
69,111
69,117
69,119
69,125
69,127
69,-59
69,-57
69,-51
69,-49
69,-43
69,-41
69,-35
69,-33
69,-27
69,-25
69,-19
69,-17
69,-11
69,-9
69,-3
69,-1
70,70
70,71
70,78
70,79
70,86
70,87
70,94
70,95
70,102
70,103
70,110
70,111
70,118
70,119
70,126
70,127
70,-58
70,-57
70,-50
70,-49
70,-42
70,-41
70,-34
70,-33
70,-26
70,-25
70,-18
70,-17
70,-10
70,-9
70,-2
70,-1
71,71
71,79
71,87
71,95
71,103
71,111
71,119
71,127
71,-57
71,-49
71,-41
71,-33
71,-25
71,-17
71,-9
71,-1
72,72
72,73
72,74
72,75
72,76
72,77
72,78
72,79
72,88
72,89
72,90
72,91
72,92
72,93
72,94
72,95
72,104
72,105
72,106
72,107
72,108
72,109
72,110
72,111
72,120
72,121
72,122
72,123
72,124
72,125
72,126
72,127
72,-56
72,-55
72,-54
72,-53
72,-52
72,-51
72,-50
72,-49
72,-40
72,-39
72,-38
72,-37
72,-36
72,-35
72,-34
72,-33
72,-24
72,-23
72,-22
72,-21
72,-20
72,-19
72,-18
72,-17
72,-8
72,-7
72,-6
72,-5
72,-4
72,-3
72,-2
72,-1
73,73
73,75
73,77
73,79
73,89
73,91
73,93
73,95
73,105
73,107
73,109
73,111
73,121
73,123
73,125
73,127
73,-55
73,-53
73,-51
73,-49
73,-39
73,-37
73,-35
73,-33
73,-23
73,-21
73,-19
73,-17
73,-7
73,-5
73,-3
73,-1
74,74
74,75
74,78
74,79
74,90
74,91
74,94
74,95
74,106
74,107
74,110
74,111
74,122
74,123
74,126
74,127
74,-54
74,-53
74,-50
74,-49
74,-38
74,-37
74,-34
74,-33
74,-22
74,-21
74,-18
74,-17
74,-6
74,-5
74,-2
74,-1
75,75
75,79
75,91
75,95
75,107
75,111
75,123
75,127
75,-53
75,-49
75,-37
75,-33
75,-21
75,-17
75,-5
75,-1
76,76
76,77
76,78
76,79
76,92
76,93
76,94
76,95
76,108
76,109
76,110
76,111
76,124
76,125
76,126
76,127
76,-52
76,-51
76,-50
76,-49
76,-36
76,-35
76,-34
76,-33
76,-20
76,-19
76,-18
76,-17
76,-4
76,-3
76,-2
76,-1
77,77
77,79
77,93
77,95
77,109
77,111
77,125
77,127
77,-51
77,-49
77,-35
77,-33
77,-19
77,-17
77,-3
77,-1
78,78
78,79
78,94
78,95
78,110
78,111
78,126
78,127
78,-50
78,-49
78,-34
78,-33
78,-18
78,-17
78,-2
78,-1
79,79
79,95
79,111
79,127
79,-49
79,-33
79,-17
79,-1
80,80
80,81
80,82
80,83
80,84
80,85
80,86
80,87
80,88
80,89
80,90
80,91
80,92
80,93
80,94
80,95
80,112
80,113
80,114
80,115
80,116
80,117
80,118
80,119
80,120
80,121
80,122
80,123
80,124
80,125
80,126
80,127
80,-48
80,-47
80,-46
80,-45
80,-44
80,-43
80,-42
80,-41
80,-40
80,-39
80,-38
80,-37
80,-36
80,-35
80,-34
80,-33
80,-16
80,-15
80,-14
80,-13
80,-12
80,-11
80,-10
80,-9
80,-8
80,-7
80,-6
80,-5
80,-4
80,-3
80,-2
80,-1
81,81
81,83
81,85
81,87
81,89
81,91
81,93
81,95
81,113
81,115
81,117
81,119
81,121
81,123
81,125
81,127
81,-47
81,-45
81,-43
81,-41
81,-39
81,-37
81,-35
81,-33
81,-15
81,-13
81,-11
81,-9
81,-7
81,-5
81,-3
81,-1
82,82
82,83
82,86
82,87
82,90
82,91
82,94
82,95
82,114
82,115
82,118
82,119
82,122
82,123
82,126
82,127
82,-46
82,-45
82,-42
82,-41
82,-38
82,-37
82,-34
82,-33
82,-14
82,-13
82,-10
82,-9
82,-6
82,-5
82,-2
82,-1
83,83
83,87
83,91
83,95
83,115
83,119
83,123
83,127
83,-45
83,-41
83,-37
83,-33
83,-13
83,-9
83,-5
83,-1
84,84
84,85
84,86
84,87
84,92
84,93
84,94
84,95
84,116
84,117
84,118
84,119
84,124
84,125
84,126
84,127
84,-44
84,-43
84,-42
84,-41
84,-36
84,-35
84,-34
84,-33
84,-12
84,-11
84,-10
84,-9
84,-4
84,-3
84,-2
84,-1
85,85
85,87
85,93
85,95
85,117
85,119
85,125
85,127
85,-43
85,-41
85,-35
85,-33
85,-11
85,-9
85,-3
85,-1
86,86
86,87
86,94
86,95
86,118
86,119
86,126
86,127
86,-42
86,-41
86,-34
86,-33
86,-10
86,-9
86,-2
86,-1
87,87
87,95
87,119
87,127
87,-41
87,-33
87,-9
87,-1
88,88
88,89
88,90
88,91
88,92
88,93
88,94
88,95
88,120
88,121
88,122
88,123
88,124
88,125
88,126
88,127
88,-40
88,-39
88,-38
88,-37
88,-36
88,-35
88,-34
88,-33
88,-8
88,-7
88,-6
88,-5
88,-4
88,-3
88,-2
88,-1
89,89
89,91
89,93
89,95
89,121
89,123
89,125
89,127
89,-39
89,-37
89,-35
89,-33
89,-7
89,-5
89,-3
89,-1
90,90
90,91
90,94
90,95
90,122
90,123
90,126
90,127
90,-38
90,-37
90,-34
90,-33
90,-6
90,-5
90,-2
90,-1
91,91
91,95
91,123
91,127
91,-37
91,-33
91,-5
91,-1
92,92
92,93
92,94
92,95
92,124
92,125
92,126
92,127
92,-36
92,-35
92,-34
92,-33
92,-4
92,-3
92,-2
92,-1
93,93
93,95
93,125
93,127
93,-35
93,-33
93,-3
93,-1
94,94
94,95
94,126
94,127
94,-34
94,-33
94,-2
94,-1
95,95
95,127
95,-33
95,-1
96,96
96,97
96,98
96,99
96,100
96,101
96,102
96,103
96,104
96,105
96,106
96,107
96,108
96,109
96,110
96,111
96,112
96,113
96,114
96,115
96,116
96,117
96,118
96,119
96,120
96,121
96,122
96,123
96,124
96,125
96,126
96,127
96,-32
96,-31
96,-30
96,-29
96,-28
96,-27
96,-26
96,-25
96,-24
96,-23
96,-22
96,-21
96,-20
96,-19
96,-18
96,-17
96,-16
96,-15
96,-14
96,-13
96,-12
96,-11
96,-10
96,-9
96,-8
96,-7
96,-6
96,-5
96,-4
96,-3
96,-2
96,-1
97,97
97,99
97,101
97,103
97,105
97,107
97,109
97,111
97,113
97,115
97,117
97,119
97,121
97,123
97,125
97,127
97,-31
97,-29
97,-27
97,-25
97,-23
97,-21
97,-19
97,-17
97,-15
97,-13
97,-11
97,-9
97,-7
97,-5
97,-3
97,-1
98,98
98,99
98,102
98,103
98,106
98,107
98,110
98,111
98,114
98,115
98,118
98,119
98,122
98,123
98,126
98,127
98,-30
98,-29
98,-26
98,-25
98,-22
98,-21
98,-18
98,-17
98,-14
98,-13
98,-10
98,-9
98,-6
98,-5
98,-2
98,-1
99,99
99,103
99,107
99,111
99,115
99,119
99,123
99,127
99,-29
99,-25
99,-21
99,-17
99,-13
99,-9
99,-5
99,-1
100,100
100,101
100,102
100,103
100,108
100,109
100,110
100,111
100,116
100,117
100,118
100,119
100,124
100,125
100,126
100,127
100,-28
100,-27
100,-26
100,-25
100,-20
100,-19
100,-18
100,-17
100,-12
100,-11
100,-10
100,-9
100,-4
100,-3
100,-2
100,-1
101,101
101,103
101,109
101,111
101,117
101,119
101,125
101,127
101,-27
101,-25
101,-19
101,-17
101,-11
101,-9
101,-3
101,-1
102,102
102,103
102,110
102,111
102,118
102,119
102,126
102,127
102,-26
102,-25
102,-18
102,-17
102,-10
102,-9
102,-2
102,-1
103,103
103,111
103,119
103,127
103,-25
103,-17
103,-9
103,-1
104,104
104,105
104,106
104,107
104,108
104,109
104,110
104,111
104,120
104,121
104,122
104,123
104,124
104,125
104,126
104,127
104,-24
104,-23
104,-22
104,-21
104,-20
104,-19
104,-18
104,-17
104,-8
104,-7
104,-6
104,-5
104,-4
104,-3
104,-2
104,-1
105,105
105,107
105,109
105,111
105,121
105,123
105,125
105,127
105,-23
105,-21
105,-19
105,-17
105,-7
105,-5
105,-3
105,-1
106,106
106,107
106,110
106,111
106,122
106,123
106,126
106,127
106,-22
106,-21
106,-18
106,-17
106,-6
106,-5
106,-2
106,-1
107,107
107,111
107,123
107,127
107,-21
107,-17
107,-5
107,-1
108,108
108,109
108,110
108,111
108,124
108,125
108,126
108,127
108,-20
108,-19
108,-18
108,-17
108,-4
108,-3
108,-2
108,-1
109,109
109,111
109,125
109,127
109,-19
109,-17
109,-3
109,-1
110,110
110,111
110,126
110,127
110,-18
110,-17
110,-2
110,-1
111,111
111,127
111,-17
111,-1
112,112
112,113
112,114
112,115
112,116
112,117
112,118
112,119
112,120
112,121
112,122
112,123
112,124
112,125
112,126
112,127
112,-16
112,-15
112,-14
112,-13
112,-12
112,-11
112,-10
112,-9
112,-8
112,-7
112,-6
112,-5
112,-4
112,-3
112,-2
112,-1
113,113
113,115
113,117
113,119
113,121
113,123
113,125
113,127
113,-15
113,-13
113,-11
113,-9
113,-7
113,-5
113,-3
113,-1
114,114
114,115
114,118
114,119
114,122
114,123
114,126
114,127
114,-14
114,-13
114,-10
114,-9
114,-6
114,-5
114,-2
114,-1
115,115
115,119
115,123
115,127
115,-13
115,-9
115,-5
115,-1
116,116
116,117
116,118
116,119
116,124
116,125
116,126
116,127
116,-12
116,-11
116,-10
116,-9
116,-4
116,-3
116,-2
116,-1
117,117
117,119
117,125
117,127
117,-11
117,-9
117,-3
117,-1
118,118
118,119
118,126
118,127
118,-10
118,-9
118,-2
118,-1
119,119
119,127
119,-9
119,-1
120,120
120,121
120,122
120,123
120,124
120,125
120,126
120,127
120,-8
120,-7
120,-6
120,-5
120,-4
120,-3
120,-2
120,-1
121,121
121,123
121,125
121,127
121,-7
121,-5
121,-3
121,-1
122,122
122,123
122,126
122,127
122,-6
122,-5
122,-2
122,-1
123,123
123,127
123,-5
123,-1
124,124
124,125
124,126
124,127
124,-4
124,-3
124,-2
124,-1
125,125
125,127
125,-3
125,-1
126,126
126,127
126,-2
126,-1
127,127
127,-1
-128,-128
-128,-127
-128,-126
-128,-125
-128,-124
-128,-123
-128,-122
-128,-121
-128,-120
-128,-119
-128,-118
-128,-117
-128,-116
-128,-115
-128,-114
-128,-113
-128,-112
-128,-111
-128,-110
-128,-109
-128,-108
-128,-107
-128,-106
-128,-105
-128,-104
-128,-103
-128,-102
-128,-101
-128,-100
-128,-99
-128,-98
-128,-97
-128,-96
-128,-95
-128,-94
-128,-93
-128,-92
-128,-91
-128,-90
-128,-89
-128,-88
-128,-87
-128,-86
-128,-85
-128,-84
-128,-83
-128,-82
-128,-81
-128,-80
-128,-79
-128,-78
-128,-77
-128,-76
-128,-75
-128,-74
-128,-73
-128,-72
-128,-71
-128,-70
-128,-69
-128,-68
-128,-67
-128,-66
-128,-65
-128,-64
-128,-63
-128,-62
-128,-61
-128,-60
-128,-59
-128,-58
-128,-57
-128,-56
-128,-55
-128,-54
-128,-53
-128,-52
-128,-51
-128,-50
-128,-49
-128,-48
-128,-47
-128,-46
-128,-45
-128,-44
-128,-43
-128,-42
-128,-41
-128,-40
-128,-39
-128,-38
-128,-37
-128,-36
-128,-35
-128,-34
-128,-33
-128,-32
-128,-31
-128,-30
-128,-29
-128,-28
-128,-27
-128,-26
-128,-25
-128,-24
-128,-23
-128,-22
-128,-21
-128,-20
-128,-19
-128,-18
-128,-17
-128,-16
-128,-15
-128,-14
-128,-13
-128,-12
-128,-11
-128,-10
-128,-9
-128,-8
-128,-7
-128,-6
-128,-5
-128,-4
-128,-3
-128,-2
-128,-1
-127,-127
-127,-125
-127,-123
-127,-121
-127,-119
-127,-117
-127,-115
-127,-113
-127,-111
-127,-109
-127,-107
-127,-105
-127,-103
-127,-101
-127,-99
-127,-97
-127,-95
-127,-93
-127,-91
-127,-89
-127,-87
-127,-85
-127,-83
-127,-81
-127,-79
-127,-77
-127,-75
-127,-73
-127,-71
-127,-69
-127,-67
-127,-65
-127,-63
-127,-61
-127,-59
-127,-57
-127,-55
-127,-53
-127,-51
-127,-49
-127,-47
-127,-45
-127,-43
-127,-41
-127,-39
-127,-37
-127,-35
-127,-33
-127,-31
-127,-29
-127,-27
-127,-25
-127,-23
-127,-21
-127,-19
-127,-17
-127,-15
-127,-13
-127,-11
-127,-9
-127,-7
-127,-5
-127,-3
-127,-1
-126,-126
-126,-125
-126,-122
-126,-121
-126,-118
-126,-117
-126,-114
-126,-113
-126,-110
-126,-109
-126,-106
-126,-105
-126,-102
-126,-101
-126,-98
-126,-97
-126,-94
-126,-93
-126,-90
-126,-89
-126,-86
-126,-85
-126,-82
-126,-81
-126,-78
-126,-77
-126,-74
-126,-73
-126,-70
-126,-69
-126,-66
-126,-65
-126,-62
-126,-61
-126,-58
-126,-57
-126,-54
-126,-53
-126,-50
-126,-49
-126,-46
-126,-45
-126,-42
-126,-41
-126,-38
-126,-37
-126,-34
-126,-33
-126,-30
-126,-29
-126,-26
-126,-25
-126,-22
-126,-21
-126,-18
-126,-17
-126,-14
-126,-13
-126,-10
-126,-9
-126,-6
-126,-5
-126,-2
-126,-1
-125,-125
-125,-121
-125,-117
-125,-113
-125,-109
-125,-105
-125,-101
-125,-97
-125,-93
-125,-89
-125,-85
-125,-81
-125,-77
-125,-73
-125,-69
-125,-65
-125,-61
-125,-57
-125,-53
-125,-49
-125,-45
-125,-41
-125,-37
-125,-33
-125,-29
-125,-25
-125,-21
-125,-17
-125,-13
-125,-9
-125,-5
-125,-1
-124,-124
-124,-123
-124,-122
-124,-121
-124,-116
-124,-115
-124,-114
-124,-113
-124,-108
-124,-107
-124,-106
-124,-105
-124,-100
-124,-99
-124,-98
-124,-97
-124,-92
-124,-91
-124,-90
-124,-89
-124,-84
-124,-83
-124,-82
-124,-81
-124,-76
-124,-75
-124,-74
-124,-73
-124,-68
-124,-67
-124,-66
-124,-65
-124,-60
-124,-59
-124,-58
-124,-57
-124,-52
-124,-51
-124,-50
-124,-49
-124,-44
-124,-43
-124,-42
-124,-41
-124,-36
-124,-35
-124,-34
-124,-33
-124,-28
-124,-27
-124,-26
-124,-25
-124,-20
-124,-19
-124,-18
-124,-17
-124,-12
-124,-11
-124,-10
-124,-9
-124,-4
-124,-3
-124,-2
-124,-1
-123,-123
-123,-121
-123,-115
-123,-113
-123,-107
-123,-105
-123,-99
-123,-97
-123,-91
-123,-89
-123,-83
-123,-81
-123,-75
-123,-73
-123,-67
-123,-65
-123,-59
-123,-57
-123,-51
-123,-49
-123,-43
-123,-41
-123,-35
-123,-33
-123,-27
-123,-25
-123,-19
-123,-17
-123,-11
-123,-9
-123,-3
-123,-1
-122,-122
-122,-121
-122,-114
-122,-113
-122,-106
-122,-105
-122,-98
-122,-97
-122,-90
-122,-89
-122,-82
-122,-81
-122,-74
-122,-73
-122,-66
-122,-65
-122,-58
-122,-57
-122,-50
-122,-49
-122,-42
-122,-41
-122,-34
-122,-33
-122,-26
-122,-25
-122,-18
-122,-17
-122,-10
-122,-9
-122,-2
-122,-1
-121,-121
-121,-113
-121,-105
-121,-97
-121,-89
-121,-81
-121,-73
-121,-65
-121,-57
-121,-49
-121,-41
-121,-33
-121,-25
-121,-17
-121,-9
-121,-1
-120,-120
-120,-119
-120,-118
-120,-117
-120,-116
-120,-115
-120,-114
-120,-113
-120,-104
-120,-103
-120,-102
-120,-101
-120,-100
-120,-99
-120,-98
-120,-97
-120,-88
-120,-87
-120,-86
-120,-85
-120,-84
-120,-83
-120,-82
-120,-81
-120,-72
-120,-71
-120,-70
-120,-69
-120,-68
-120,-67
-120,-66
-120,-65
-120,-56
-120,-55
-120,-54
-120,-53
-120,-52
-120,-51
-120,-50
-120,-49
-120,-40
-120,-39
-120,-38
-120,-37
-120,-36
-120,-35
-120,-34
-120,-33
-120,-24
-120,-23
-120,-22
-120,-21
-120,-20
-120,-19
-120,-18
-120,-17
-120,-8
-120,-7
-120,-6
-120,-5
-120,-4
-120,-3
-120,-2
-120,-1
-119,-119
-119,-117
-119,-115
-119,-113
-119,-103
-119,-101
-119,-99
-119,-97
-119,-87
-119,-85
-119,-83
-119,-81
-119,-71
-119,-69
-119,-67
-119,-65
-119,-55
-119,-53
-119,-51
-119,-49
-119,-39
-119,-37
-119,-35
-119,-33
-119,-23
-119,-21
-119,-19
-119,-17
-119,-7
-119,-5
-119,-3
-119,-1
-118,-118
-118,-117
-118,-114
-118,-113
-118,-102
-118,-101
-118,-98
-118,-97
-118,-86
-118,-85
-118,-82
-118,-81
-118,-70
-118,-69
-118,-66
-118,-65
-118,-54
-118,-53
-118,-50
-118,-49
-118,-38
-118,-37
-118,-34
-118,-33
-118,-22
-118,-21
-118,-18
-118,-17
-118,-6
-118,-5
-118,-2
-118,-1
-117,-117
-117,-113
-117,-101
-117,-97
-117,-85
-117,-81
-117,-69
-117,-65
-117,-53
-117,-49
-117,-37
-117,-33
-117,-21
-117,-17
-117,-5
-117,-1
-116,-116
-116,-115
-116,-114
-116,-113
-116,-100
-116,-99
-116,-98
-116,-97
-116,-84
-116,-83
-116,-82
-116,-81
-116,-68
-116,-67
-116,-66
-116,-65
-116,-52
-116,-51
-116,-50
-116,-49
-116,-36
-116,-35
-116,-34
-116,-33
-116,-20
-116,-19
-116,-18
-116,-17
-116,-4
-116,-3
-116,-2
-116,-1
-115,-115
-115,-113
-115,-99
-115,-97
-115,-83
-115,-81
-115,-67
-115,-65
-115,-51
-115,-49
-115,-35
-115,-33
-115,-19
-115,-17
-115,-3
-115,-1
-114,-114
-114,-113
-114,-98
-114,-97
-114,-82
-114,-81
-114,-66
-114,-65
-114,-50
-114,-49
-114,-34
-114,-33
-114,-18
-114,-17
-114,-2
-114,-1
-113,-113
-113,-97
-113,-81
-113,-65
-113,-49
-113,-33
-113,-17
-113,-1
-112,-112
-112,-111
-112,-110
-112,-109
-112,-108
-112,-107
-112,-106
-112,-105
-112,-104
-112,-103
-112,-102
-112,-101
-112,-100
-112,-99
-112,-98
-112,-97
-112,-80
-112,-79
-112,-78
-112,-77
-112,-76
-112,-75
-112,-74
-112,-73
-112,-72
-112,-71
-112,-70
-112,-69
-112,-68
-112,-67
-112,-66
-112,-65
-112,-48
-112,-47
-112,-46
-112,-45
-112,-44
-112,-43
-112,-42
-112,-41
-112,-40
-112,-39
-112,-38
-112,-37
-112,-36
-112,-35
-112,-34
-112,-33
-112,-16
-112,-15
-112,-14
-112,-13
-112,-12
-112,-11
-112,-10
-112,-9
-112,-8
-112,-7
-112,-6
-112,-5
-112,-4
-112,-3
-112,-2
-112,-1
-111,-111
-111,-109
-111,-107
-111,-105
-111,-103
-111,-101
-111,-99
-111,-97
-111,-79
-111,-77
-111,-75
-111,-73
-111,-71
-111,-69
-111,-67
-111,-65
-111,-47
-111,-45
-111,-43
-111,-41
-111,-39
-111,-37
-111,-35
-111,-33
-111,-15
-111,-13
-111,-11
-111,-9
-111,-7
-111,-5
-111,-3
-111,-1
-110,-110
-110,-109
-110,-106
-110,-105
-110,-102
-110,-101
-110,-98
-110,-97
-110,-78
-110,-77
-110,-74
-110,-73
-110,-70
-110,-69
-110,-66
-110,-65
-110,-46
-110,-45
-110,-42
-110,-41
-110,-38
-110,-37
-110,-34
-110,-33
-110,-14
-110,-13
-110,-10
-110,-9
-110,-6
-110,-5
-110,-2
-110,-1
-109,-109
-109,-105
-109,-101
-109,-97
-109,-77
-109,-73
-109,-69
-109,-65
-109,-45
-109,-41
-109,-37
-109,-33
-109,-13
-109,-9
-109,-5
-109,-1
-108,-108
-108,-107
-108,-106
-108,-105
-108,-100
-108,-99
-108,-98
-108,-97
-108,-76
-108,-75
-108,-74
-108,-73
-108,-68
-108,-67
-108,-66
-108,-65
-108,-44
-108,-43
-108,-42
-108,-41
-108,-36
-108,-35
-108,-34
-108,-33
-108,-12
-108,-11
-108,-10
-108,-9
-108,-4
-108,-3
-108,-2
-108,-1
-107,-107
-107,-105
-107,-99
-107,-97
-107,-75
-107,-73
-107,-67
-107,-65
-107,-43
-107,-41
-107,-35
-107,-33
-107,-11
-107,-9
-107,-3
-107,-1
-106,-106
-106,-105
-106,-98
-106,-97
-106,-74
-106,-73
-106,-66
-106,-65
-106,-42
-106,-41
-106,-34
-106,-33
-106,-10
-106,-9
-106,-2
-106,-1
-105,-105
-105,-97
-105,-73
-105,-65
-105,-41
-105,-33
-105,-9
-105,-1
-104,-104
-104,-103
-104,-102
-104,-101
-104,-100
-104,-99
-104,-98
-104,-97
-104,-72
-104,-71
-104,-70
-104,-69
-104,-68
-104,-67
-104,-66
-104,-65
-104,-40
-104,-39
-104,-38
-104,-37
-104,-36
-104,-35
-104,-34
-104,-33
-104,-8
-104,-7
-104,-6
-104,-5
-104,-4
-104,-3
-104,-2
-104,-1
-103,-103
-103,-101
-103,-99
-103,-97
-103,-71
-103,-69
-103,-67
-103,-65
-103,-39
-103,-37
-103,-35
-103,-33
-103,-7
-103,-5
-103,-3
-103,-1
-102,-102
-102,-101
-102,-98
-102,-97
-102,-70
-102,-69
-102,-66
-102,-65
-102,-38
-102,-37
-102,-34
-102,-33
-102,-6
-102,-5
-102,-2
-102,-1
-101,-101
-101,-97
-101,-69
-101,-65
-101,-37
-101,-33
-101,-5
-101,-1
-100,-100
-100,-99
-100,-98
-100,-97
-100,-68
-100,-67
-100,-66
-100,-65
-100,-36
-100,-35
-100,-34
-100,-33
-100,-4
-100,-3
-100,-2
-100,-1
-99,-99
-99,-97
-99,-67
-99,-65
-99,-35
-99,-33
-99,-3
-99,-1
-98,-98
-98,-97
-98,-66
-98,-65
-98,-34
-98,-33
-98,-2
-98,-1
-97,-97
-97,-65
-97,-33
-97,-1
-96,-96
-96,-95
-96,-94
-96,-93
-96,-92
-96,-91
-96,-90
-96,-89
-96,-88
-96,-87
-96,-86
-96,-85
-96,-84
-96,-83
-96,-82
-96,-81
-96,-80
-96,-79
-96,-78
-96,-77
-96,-76
-96,-75
-96,-74
-96,-73
-96,-72
-96,-71
-96,-70
-96,-69
-96,-68
-96,-67
-96,-66
-96,-65
-96,-32
-96,-31
-96,-30
-96,-29
-96,-28
-96,-27
-96,-26
-96,-25
-96,-24
-96,-23
-96,-22
-96,-21
-96,-20
-96,-19
-96,-18
-96,-17
-96,-16
-96,-15
-96,-14
-96,-13
-96,-12
-96,-11
-96,-10
-96,-9
-96,-8
-96,-7
-96,-6
-96,-5
-96,-4
-96,-3
-96,-2
-96,-1
-95,-95
-95,-93
-95,-91
-95,-89
-95,-87
-95,-85
-95,-83
-95,-81
-95,-79
-95,-77
-95,-75
-95,-73
-95,-71
-95,-69
-95,-67
-95,-65
-95,-31
-95,-29
-95,-27
-95,-25
-95,-23
-95,-21
-95,-19
-95,-17
-95,-15
-95,-13
-95,-11
-95,-9
-95,-7
-95,-5
-95,-3
-95,-1
-94,-94
-94,-93
-94,-90
-94,-89
-94,-86
-94,-85
-94,-82
-94,-81
-94,-78
-94,-77
-94,-74
-94,-73
-94,-70
-94,-69
-94,-66
-94,-65
-94,-30
-94,-29
-94,-26
-94,-25
-94,-22
-94,-21
-94,-18
-94,-17
-94,-14
-94,-13
-94,-10
-94,-9
-94,-6
-94,-5
-94,-2
-94,-1
-93,-93
-93,-89
-93,-85
-93,-81
-93,-77
-93,-73
-93,-69
-93,-65
-93,-29
-93,-25
-93,-21
-93,-17
-93,-13
-93,-9
-93,-5
-93,-1
-92,-92
-92,-91
-92,-90
-92,-89
-92,-84
-92,-83
-92,-82
-92,-81
-92,-76
-92,-75
-92,-74
-92,-73
-92,-68
-92,-67
-92,-66
-92,-65
-92,-28
-92,-27
-92,-26
-92,-25
-92,-20
-92,-19
-92,-18
-92,-17
-92,-12
-92,-11
-92,-10
-92,-9
-92,-4
-92,-3
-92,-2
-92,-1
-91,-91
-91,-89
-91,-83
-91,-81
-91,-75
-91,-73
-91,-67
-91,-65
-91,-27
-91,-25
-91,-19
-91,-17
-91,-11
-91,-9
-91,-3
-91,-1
-90,-90
-90,-89
-90,-82
-90,-81
-90,-74
-90,-73
-90,-66
-90,-65
-90,-26
-90,-25
-90,-18
-90,-17
-90,-10
-90,-9
-90,-2
-90,-1
-89,-89
-89,-81
-89,-73
-89,-65
-89,-25
-89,-17
-89,-9
-89,-1
-88,-88
-88,-87
-88,-86
-88,-85
-88,-84
-88,-83
-88,-82
-88,-81
-88,-72
-88,-71
-88,-70
-88,-69
-88,-68
-88,-67
-88,-66
-88,-65
-88,-24
-88,-23
-88,-22
-88,-21
-88,-20
-88,-19
-88,-18
-88,-17
-88,-8
-88,-7
-88,-6
-88,-5
-88,-4
-88,-3
-88,-2
-88,-1
-87,-87
-87,-85
-87,-83
-87,-81
-87,-71
-87,-69
-87,-67
-87,-65
-87,-23
-87,-21
-87,-19
-87,-17
-87,-7
-87,-5
-87,-3
-87,-1
-86,-86
-86,-85
-86,-82
-86,-81
-86,-70
-86,-69
-86,-66
-86,-65
-86,-22
-86,-21
-86,-18
-86,-17
-86,-6
-86,-5
-86,-2
-86,-1
-85,-85
-85,-81
-85,-69
-85,-65
-85,-21
-85,-17
-85,-5
-85,-1
-84,-84
-84,-83
-84,-82
-84,-81
-84,-68
-84,-67
-84,-66
-84,-65
-84,-20
-84,-19
-84,-18
-84,-17
-84,-4
-84,-3
-84,-2
-84,-1
-83,-83
-83,-81
-83,-67
-83,-65
-83,-19
-83,-17
-83,-3
-83,-1
-82,-82
-82,-81
-82,-66
-82,-65
-82,-18
-82,-17
-82,-2
-82,-1
-81,-81
-81,-65
-81,-17
-81,-1
-80,-80
-80,-79
-80,-78
-80,-77
-80,-76
-80,-75
-80,-74
-80,-73
-80,-72
-80,-71
-80,-70
-80,-69
-80,-68
-80,-67
-80,-66
-80,-65
-80,-16
-80,-15
-80,-14
-80,-13
-80,-12
-80,-11
-80,-10
-80,-9
-80,-8
-80,-7
-80,-6
-80,-5
-80,-4
-80,-3
-80,-2
-80,-1
-79,-79
-79,-77
-79,-75
-79,-73
-79,-71
-79,-69
-79,-67
-79,-65
-79,-15
-79,-13
-79,-11
-79,-9
-79,-7
-79,-5
-79,-3
-79,-1
-78,-78
-78,-77
-78,-74
-78,-73
-78,-70
-78,-69
-78,-66
-78,-65
-78,-14
-78,-13
-78,-10
-78,-9
-78,-6
-78,-5
-78,-2
-78,-1
-77,-77
-77,-73
-77,-69
-77,-65
-77,-13
-77,-9
-77,-5
-77,-1
-76,-76
-76,-75
-76,-74
-76,-73
-76,-68
-76,-67
-76,-66
-76,-65
-76,-12
-76,-11
-76,-10
-76,-9
-76,-4
-76,-3
-76,-2
-76,-1
-75,-75
-75,-73
-75,-67
-75,-65
-75,-11
-75,-9
-75,-3
-75,-1
-74,-74
-74,-73
-74,-66
-74,-65
-74,-10
-74,-9
-74,-2
-74,-1
-73,-73
-73,-65
-73,-9
-73,-1
-72,-72
-72,-71
-72,-70
-72,-69
-72,-68
-72,-67
-72,-66
-72,-65
-72,-8
-72,-7
-72,-6
-72,-5
-72,-4
-72,-3
-72,-2
-72,-1
-71,-71
-71,-69
-71,-67
-71,-65
-71,-7
-71,-5
-71,-3
-71,-1
-70,-70
-70,-69
-70,-66
-70,-65
-70,-6
-70,-5
-70,-2
-70,-1
-69,-69
-69,-65
-69,-5
-69,-1
-68,-68
-68,-67
-68,-66
-68,-65
-68,-4
-68,-3
-68,-2
-68,-1
-67,-67
-67,-65
-67,-3
-67,-1
-66,-66
-66,-65
-66,-2
-66,-1
-65,-65
-65,-1
-64,-64
-64,-63
-64,-62
-64,-61
-64,-60
-64,-59
-64,-58
-64,-57
-64,-56
-64,-55
-64,-54
-64,-53
-64,-52
-64,-51
-64,-50
-64,-49
-64,-48
-64,-47
-64,-46
-64,-45
-64,-44
-64,-43
-64,-42
-64,-41
-64,-40
-64,-39
-64,-38
-64,-37
-64,-36
-64,-35
-64,-34
-64,-33
-64,-32
-64,-31
-64,-30
-64,-29
-64,-28
-64,-27
-64,-26
-64,-25
-64,-24
-64,-23
-64,-22
-64,-21
-64,-20
-64,-19
-64,-18
-64,-17
-64,-16
-64,-15
-64,-14
-64,-13
-64,-12
-64,-11
-64,-10
-64,-9
-64,-8
-64,-7
-64,-6
-64,-5
-64,-4
-64,-3
-64,-2
-64,-1
-63,-63
-63,-61
-63,-59
-63,-57
-63,-55
-63,-53
-63,-51
-63,-49
-63,-47
-63,-45
-63,-43
-63,-41
-63,-39
-63,-37
-63,-35
-63,-33
-63,-31
-63,-29
-63,-27
-63,-25
-63,-23
-63,-21
-63,-19
-63,-17
-63,-15
-63,-13
-63,-11
-63,-9
-63,-7
-63,-5
-63,-3
-63,-1
-62,-62
-62,-61
-62,-58
-62,-57
-62,-54
-62,-53
-62,-50
-62,-49
-62,-46
-62,-45
-62,-42
-62,-41
-62,-38
-62,-37
-62,-34
-62,-33
-62,-30
-62,-29
-62,-26
-62,-25
-62,-22
-62,-21
-62,-18
-62,-17
-62,-14
-62,-13
-62,-10
-62,-9
-62,-6
-62,-5
-62,-2
-62,-1
-61,-61
-61,-57
-61,-53
-61,-49
-61,-45
-61,-41
-61,-37
-61,-33
-61,-29
-61,-25
-61,-21
-61,-17
-61,-13
-61,-9
-61,-5
-61,-1
-60,-60
-60,-59
-60,-58
-60,-57
-60,-52
-60,-51
-60,-50
-60,-49
-60,-44
-60,-43
-60,-42
-60,-41
-60,-36
-60,-35
-60,-34
-60,-33
-60,-28
-60,-27
-60,-26
-60,-25
-60,-20
-60,-19
-60,-18
-60,-17
-60,-12
-60,-11
-60,-10
-60,-9
-60,-4
-60,-3
-60,-2
-60,-1
-59,-59
-59,-57
-59,-51
-59,-49
-59,-43
-59,-41
-59,-35
-59,-33
-59,-27
-59,-25
-59,-19
-59,-17
-59,-11
-59,-9
-59,-3
-59,-1
-58,-58
-58,-57
-58,-50
-58,-49
-58,-42
-58,-41
-58,-34
-58,-33
-58,-26
-58,-25
-58,-18
-58,-17
-58,-10
-58,-9
-58,-2
-58,-1
-57,-57
-57,-49
-57,-41
-57,-33
-57,-25
-57,-17
-57,-9
-57,-1
-56,-56
-56,-55
-56,-54
-56,-53
-56,-52
-56,-51
-56,-50
-56,-49
-56,-40
-56,-39
-56,-38
-56,-37
-56,-36
-56,-35
-56,-34
-56,-33
-56,-24
-56,-23
-56,-22
-56,-21
-56,-20
-56,-19
-56,-18
-56,-17
-56,-8
-56,-7
-56,-6
-56,-5
-56,-4
-56,-3
-56,-2
-56,-1
-55,-55
-55,-53
-55,-51
-55,-49
-55,-39
-55,-37
-55,-35
-55,-33
-55,-23
-55,-21
-55,-19
-55,-17
-55,-7
-55,-5
-55,-3
-55,-1
-54,-54
-54,-53
-54,-50
-54,-49
-54,-38
-54,-37
-54,-34
-54,-33
-54,-22
-54,-21
-54,-18
-54,-17
-54,-6
-54,-5
-54,-2
-54,-1
-53,-53
-53,-49
-53,-37
-53,-33
-53,-21
-53,-17
-53,-5
-53,-1
-52,-52
-52,-51
-52,-50
-52,-49
-52,-36
-52,-35
-52,-34
-52,-33
-52,-20
-52,-19
-52,-18
-52,-17
-52,-4
-52,-3
-52,-2
-52,-1
-51,-51
-51,-49
-51,-35
-51,-33
-51,-19
-51,-17
-51,-3
-51,-1
-50,-50
-50,-49
-50,-34
-50,-33
-50,-18
-50,-17
-50,-2
-50,-1
-49,-49
-49,-33
-49,-17
-49,-1
-48,-48
-48,-47
-48,-46
-48,-45
-48,-44
-48,-43
-48,-42
-48,-41
-48,-40
-48,-39
-48,-38
-48,-37
-48,-36
-48,-35
-48,-34
-48,-33
-48,-16
-48,-15
-48,-14
-48,-13
-48,-12
-48,-11
-48,-10
-48,-9
-48,-8
-48,-7
-48,-6
-48,-5
-48,-4
-48,-3
-48,-2
-48,-1
-47,-47
-47,-45
-47,-43
-47,-41
-47,-39
-47,-37
-47,-35
-47,-33
-47,-15
-47,-13
-47,-11
-47,-9
-47,-7
-47,-5
-47,-3
-47,-1
-46,-46
-46,-45
-46,-42
-46,-41
-46,-38
-46,-37
-46,-34
-46,-33
-46,-14
-46,-13
-46,-10
-46,-9
-46,-6
-46,-5
-46,-2
-46,-1
-45,-45
-45,-41
-45,-37
-45,-33
-45,-13
-45,-9
-45,-5
-45,-1
-44,-44
-44,-43
-44,-42
-44,-41
-44,-36
-44,-35
-44,-34
-44,-33
-44,-12
-44,-11
-44,-10
-44,-9
-44,-4
-44,-3
-44,-2
-44,-1
-43,-43
-43,-41
-43,-35
-43,-33
-43,-11
-43,-9
-43,-3
-43,-1
-42,-42
-42,-41
-42,-34
-42,-33
-42,-10
-42,-9
-42,-2
-42,-1
-41,-41
-41,-33
-41,-9
-41,-1
-40,-40
-40,-39
-40,-38
-40,-37
-40,-36
-40,-35
-40,-34
-40,-33
-40,-8
-40,-7
-40,-6
-40,-5
-40,-4
-40,-3
-40,-2
-40,-1
-39,-39
-39,-37
-39,-35
-39,-33
-39,-7
-39,-5
-39,-3
-39,-1
-38,-38
-38,-37
-38,-34
-38,-33
-38,-6
-38,-5
-38,-2
-38,-1
-37,-37
-37,-33
-37,-5
-37,-1
-36,-36
-36,-35
-36,-34
-36,-33
-36,-4
-36,-3
-36,-2
-36,-1
-35,-35
-35,-33
-35,-3
-35,-1
-34,-34
-34,-33
-34,-2
-34,-1
-33,-33
-33,-1
-32,-32
-32,-31
-32,-30
-32,-29
-32,-28
-32,-27
-32,-26
-32,-25
-32,-24
-32,-23
-32,-22
-32,-21
-32,-20
-32,-19
-32,-18
-32,-17
-32,-16
-32,-15
-32,-14
-32,-13
-32,-12
-32,-11
-32,-10
-32,-9
-32,-8
-32,-7
-32,-6
-32,-5
-32,-4
-32,-3
-32,-2
-32,-1
-31,-31
-31,-29
-31,-27
-31,-25
-31,-23
-31,-21
-31,-19
-31,-17
-31,-15
-31,-13
-31,-11
-31,-9
-31,-7
-31,-5
-31,-3
-31,-1
-30,-30
-30,-29
-30,-26
-30,-25
-30,-22
-30,-21
-30,-18
-30,-17
-30,-14
-30,-13
-30,-10
-30,-9
-30,-6
-30,-5
-30,-2
-30,-1
-29,-29
-29,-25
-29,-21
-29,-17
-29,-13
-29,-9
-29,-5
-29,-1
-28,-28
-28,-27
-28,-26
-28,-25
-28,-20
-28,-19
-28,-18
-28,-17
-28,-12
-28,-11
-28,-10
-28,-9
-28,-4
-28,-3
-28,-2
-28,-1
-27,-27
-27,-25
-27,-19
-27,-17
-27,-11
-27,-9
-27,-3
-27,-1
-26,-26
-26,-25
-26,-18
-26,-17
-26,-10
-26,-9
-26,-2
-26,-1
-25,-25
-25,-17
-25,-9
-25,-1
-24,-24
-24,-23
-24,-22
-24,-21
-24,-20
-24,-19
-24,-18
-24,-17
-24,-8
-24,-7
-24,-6
-24,-5
-24,-4
-24,-3
-24,-2
-24,-1
-23,-23
-23,-21
-23,-19
-23,-17
-23,-7
-23,-5
-23,-3
-23,-1
-22,-22
-22,-21
-22,-18
-22,-17
-22,-6
-22,-5
-22,-2
-22,-1
-21,-21
-21,-17
-21,-5
-21,-1
-20,-20
-20,-19
-20,-18
-20,-17
-20,-4
-20,-3
-20,-2
-20,-1
-19,-19
-19,-17
-19,-3
-19,-1
-18,-18
-18,-17
-18,-2
-18,-1
-17,-17
-17,-1
-16,-16
-16,-15
-16,-14
-16,-13
-16,-12
-16,-11
-16,-10
-16,-9
-16,-8
-16,-7
-16,-6
-16,-5
-16,-4
-16,-3
-16,-2
-16,-1
-15,-15
-15,-13
-15,-11
-15,-9
-15,-7
-15,-5
-15,-3
-15,-1
-14,-14
-14,-13
-14,-10
-14,-9
-14,-6
-14,-5
-14,-2
-14,-1
-13,-13
-13,-9
-13,-5
-13,-1
-12,-12
-12,-11
-12,-10
-12,-9
-12,-4
-12,-3
-12,-2
-12,-1
-11,-11
-11,-9
-11,-3
-11,-1
-10,-10
-10,-9
-10,-2
-10,-1
-9,-9
-9,-1
-8,-8
-8,-7
-8,-6
-8,-5
-8,-4
-8,-3
-8,-2
-8,-1
-7,-7
-7,-5
-7,-3
-7,-1
-6,-6
-6,-5
-6,-2
-6,-1
-5,-5
-5,-1
-4,-4
-4,-3
-4,-2
-4,-1
-3,-3
-3,-1
-2,-2
-2,-1
-1,-1
